,precision,recall,f1-score,support
0,0.968738506803972,0.9778008760858267,0.9732485959207804,13469.0
1,0.9742196930505259,0.9637495735243944,0.9689563502272532,11724.0
accuracy,0.9712618584527448,0.9712618584527448,0.9712618584527448,0.9712618584527448
macro avg,0.9714790999272489,0.9707752248051105,0.9711024730740168,25193.0
weighted avg,0.9712892719988514,0.9712618584527448,0.9712511248569566,25193.0
