,precision,recall,f1-score,support
0,0.9709182167109537,0.9766129631004529,0.9737572639449236,13469.0
1,0.9729497638471447,0.9663937222790856,0.9696606615601865,11724.0
accuracy,0.9718572619378398,0.9718572619378398,0.9718572619378398,0.9718572619378398
macro avg,0.9719339902790491,0.9715033426897692,0.971708962752555,25193.0
weighted avg,0.9718636324464637,0.9718572619378398,0.9718508388919859,25193.0
