,precision,recall,f1-score,support
0,0.927871707423264,0.9493652089984409,0.9384954128440368,13469.0
1,0.9402383456011216,0.9152166496076425,0.9275587828492393,11724.0
accuracy,0.9334735839320446,0.9334735839320446,0.9334735839320446,0.9334735839320446
macro avg,0.9340550265121927,0.9322909293030417,0.9330270978466381,25193.0
weighted avg,0.9336267372330207,0.9334735839320446,0.933405862172858,25193.0
