,precision,recall,f1-score,support
0,0.9986632008911994,0.998366619645111,0.9985148882453405,13469.0
1,0.9981241473396999,0.9984646878198568,0.998294388538291,11724.0
accuracy,0.9984122573730798,0.9984122573730798,0.9984122573730798,0.9984122573730798
macro avg,0.9983936741154497,0.9984156537324839,0.9984046383918157,25193.0
weighted avg,0.9984123429609101,0.9984122573730798,0.9984122748779191,25193.0
