,precision,recall,f1-score,support
0,0.9985164305318597,0.9994060435073131,0.9989610389610389,13469.0
1,0.9995646969202308,0.9998911386893098,0.9997278911564627,9186.0
2,0.9991375592927986,0.9948475740661228,0.9969879518072289,2329.0
3,0.9948453608247423,0.9698492462311558,0.9821882951653944,199.0
4,0.8,0.8,0.8000000000000002,10.0
accuracy,0.9988488865954829,0.9988488865954829,0.9988488865954829,0.9988488865954829
macro avg,0.9584128095139264,0.9527988004987803,0.955573035418025,25193.0
weighted avg,0.9988482797261107,0.9988488865954829,0.9988467849174948,25193.0
