,precision,recall,f1-score,support
0,0.9557160574888743,0.9726037567748163,0.9640859581984104,13469.0
1,0.9678739334842417,0.9482258614807233,0.9579491598448944,11724.0
accuracy,0.9612590799031477,0.9612590799031477,0.9612590799031477,0.9612590799031477
macro avg,0.961794995486558,0.9604148091277698,0.9610175590216523,25193.0
weighted avg,0.9613739361920731,0.9612590799031477,0.96123009252554,25193.0
