,precision,recall,f1-score,support
0,0.9273064097814006,0.9290964436855,0.9282005637145824,13469.0
1,0.9183621131817404,0.9163254861821903,0.9173426692852873,11724.0
accuracy,0.9231532568570635,0.9231532568570635,0.9231532568570635,0.9231532568570635
macro avg,0.9228342614815706,0.9227109649338452,0.9227716164999349,25193.0
weighted avg,0.9231440260504271,0.9231532568570635,0.9231476540059705,25193.0
