,precision,recall,f1-score,support
0,0.9684483164586767,0.9161036454079738,0.9415490270888974,13469.0
1,0.9092515258592997,0.965711361310133,0.936631369953673,11724.0
accuracy,0.9391894573889572,0.9391894573889572,0.9391894573889572,0.9391894573889572
macro avg,0.9388499211589882,0.9409075033590535,0.9390901985212852,25193.0
weighted avg,0.9409000620631265,0.9391894573889572,0.9392605099510666,25193.0
