,precision,recall,f1-score,support
0,0.9275530986325283,0.9467666493429356,0.9370613954513721,13469.0
1,0.9373525557011796,0.9150460593654043,0.9260650006474168,11724.0
accuracy,0.9320049220021435,0.9320049220021435,0.9320049220021435,0.9320049220021435
macro avg,0.932452827166854,0.93090635435417,0.9315631980493945,25193.0
weighted avg,0.9321134461367107,0.9320049220021435,0.9319440321884987,25193.0
