,precision,recall,f1-score,support
0,0.9517438034656723,0.9664414581631895,0.9590363221100714,13469.0
1,0.9607502605071205,0.9437052200614124,0.9521514629948364,11724.0
accuracy,0.9558607549716192,0.9558607549716192,0.9558607549716192,0.9558607549716192
macro avg,0.9562470319863965,0.955073339112301,0.9555938925524539,25193.0
weighted avg,0.9559351146375829,0.9558607549716192,0.9558323333724453,25193.0
