,precision,recall,f1-score,support
0,0.9278298119509185,0.948771252505754,0.9381836869539683,13469.0
1,0.9395796847635727,0.9152166496076425,0.9272381610784654,11724.0
accuracy,0.9331560354066606,0.9331560354066606,0.9331560354066606,0.9331560354066606
macro avg,0.9337047483572456,0.9319939510566982,0.9327109240162168,25193.0
weighted avg,0.9332978192884948,0.9331560354066606,0.9330899964302357,25193.0
