,precision,recall,f1-score,support
0,0.927484528576629,0.9458014700423194,0.9365534480223496,13469.0
1,0.9362890556816198,0.9150460593654043,0.9255456819946509,11724.0
accuracy,0.9314889056483944,0.9314889056483944,0.9314889056483944,0.9314889056483944
macro avg,0.9318867921291244,0.9304237647038618,0.9310495650085002,25193.0
weighted avg,0.9315818681463076,0.9314889056483944,0.9314307929630578,25193.0
