,precision,recall,f1-score,support
0,0.9928946784101843,0.9959907936743634,0.9944403261675315,13469.0
1,0.9953775038520801,0.9918116683725691,0.9935913868238914,11724.0
accuracy,0.9940459651490493,0.9940459651490493,0.9940459651490493,0.9940459651490493
macro avg,0.9941360911311322,0.9939012310234663,0.9940158564957114,25193.0
weighted avg,0.994050104341228,0.9940459651490493,0.994045257503028,25193.0
