,precision,recall,f1-score,support
0,0.9558748450149515,0.9730492241443315,0.9643855776306106,13469.0
1,0.9683852987284445,0.9483964517229615,0.9582866500043092,11724.0
accuracy,0.9615766284285318,0.9615766284285318,0.9615766284285318,0.9615766284285318
macro avg,0.962130071871698,0.9607228379336465,0.9613361138174599,25193.0
weighted avg,0.961696801881422,0.9615766284285318,0.961547335758235,25193.0
