,precision,recall,f1-score,support
0,0.9988116458704694,0.9984408642066969,0.9986262206215424,13469.0
1,0.9995646969202308,0.9998911386893098,0.9997278911564627,9186.0
2,0.9978503869303526,0.9965650493774152,0.9972073039742212,2329.0
3,0.9509803921568627,0.9748743718592965,0.9627791563275433,199.0
4,0.8,0.8,0.8000000000000002,10.0
accuracy,0.9985313380700989,0.9985313380700989,0.9985313380700989,0.9985313380700989
macro avg,0.9494414243755831,0.9539542848265438,0.951668114415954,25193.0
weighted avg,0.998540626893923,0.9985313380700989,0.9985347452379613,25193.0
