,precision,recall,f1-score,support
0,0.9983680735850456,0.9992575543841413,0.998812615955473,13469.0
1,0.999564649542882,0.9997822773786197,0.9996734516164145,9186.0
2,0.9991386735572783,0.9961356805495921,0.9976349172221028,2329.0
3,0.9896907216494846,0.964824120603015,0.9770992366412214,199.0
4,0.75,0.6,0.6666666666666665,10.0
accuracy,0.9987298058984638,0.9987298058984638,0.9987298058984638,0.9987298058984638
macro avg,0.9473524236669381,0.9119999265830735,0.9279773776203758,25193.0
weighted avg,0.9987084856166811,0.9987298058984638,0.9987142693534394,25193.0
