,precision,recall,f1-score,support
0,0.9979983690414411,0.999480288068899,0.9987387788411604,13469.0
1,0.9994019138755981,0.9976970317297851,0.9985487450913437,11724.0
accuracy,0.9986504187671178,0.9986504187671178,0.9986504187671178,0.9986504187671178
macro avg,0.9987001414585196,0.9985886598993421,0.998643761966252,25193.0
weighted avg,0.9986515330010988,0.9986504187671178,0.9986503433359466,25193.0
