,precision,recall,f1-score,support
0,0.99836867862969,0.9996287771920707,0.9989983305509182,13469.0
1,0.9995729050995131,0.9981235073353805,0.9988476804233708,11724.0
accuracy,0.9989282737268289,0.9989282737268289,0.9989282737268289,0.9989282737268289
macro avg,0.9989707918646016,0.9988761422637256,0.9989230054871445,25193.0
weighted avg,0.9989290863275508,0.9989282737268289,0.9989282228981826,25193.0
