,precision,recall,f1-score,support
0,0.9934049648017784,0.9953225926200906,0.9943628541759383,13469.0
1,0.994614464010942,0.9924087342204025,0.9935103748612416,11724.0
accuracy,0.9939665780177034,0.9939665780177034,0.9939665780177034,0.9939665780177034
macro avg,0.9940097144063602,0.9938656634202465,0.99393661451859,25193.0
weighted avg,0.9939678262604469,0.9939665780177034,0.9939661381244358,25193.0
