,precision,recall,f1-score,support
0,0.9989608847324278,0.9992575543841413,0.9991091975354465,13469.0
1,0.9996734871571615,0.9998911386893098,0.9997823010776096,9186.0
2,0.9991386735572783,0.9961356805495921,0.9976349172221028,2329.0
3,0.98989898989899,0.9849246231155779,0.9874055415617129,199.0
4,0.75,0.9,0.8181818181818182,10.0
accuracy,0.9990473544238478,0.9990473544238478,0.9990473544238478,0.9990473544238478
macro avg,0.9475344070691716,0.9760417993477242,0.960422755115738,25193.0
weighted avg,0.999066751843431,0.9990473544238478,0.9990540722608158,25193.0
