,precision,recall,f1-score,support
0,0.9981466380013344,0.9996287771920707,0.9988871578010238,13469.0
1,0.9995727956254272,0.9978676219720232,0.9987194809629503,11724.0
accuracy,0.9988091930298099,0.9988091930298099,0.9988091930298099,0.9988091930298099
macro avg,0.9988597168133808,0.9987481995820469,0.998803319381987,25193.0
weighted avg,0.9988103252154361,0.9988091930298099,0.998809126472894,25193.0
